"filename", "language", "Java Properties", "Kotlinscript", "Python", "Batch", "Markdown", "XML", "Kotlin", "comment", "blank", "total"
"e:\coding_workspaces\Kotlin\AndroidScreensaver\AGENTS.md", "Markdown", 0, 0, 0, 0, 91, 0, 0, 0, 40, 131
"e:\coding_workspaces\Kotlin\AndroidScreensaver\ARCHITECTURE.md", "Markdown", 0, 0, 0, 0, 122, 0, 0, 0, 35, 157
"e:\coding_workspaces\Kotlin\AndroidScreensaver\BUILD.md", "Markdown", 0, 0, 0, 0, 106, 0, 0, 0, 54, 160
"e:\coding_workspaces\Kotlin\AndroidScreensaver\CHANGELOG.md", "Markdown", 0, 0, 0, 0, 193, 0, 0, 0, 30, 223
"e:\coding_workspaces\Kotlin\AndroidScreensaver\README.md", "Markdown", 0, 0, 0, 0, 74, 0, 0, 0, 19, 93
"e:\coding_workspaces\Kotlin\AndroidScreensaver\TODO.md", "Markdown", 0, 0, 0, 0, 17, 0, 0, 0, 9, 26
"e:\coding_workspaces\Kotlin\AndroidScreensaver\USER_GUIDE.md", "Markdown", 0, 0, 0, 0, 74, 0, 0, 0, 38, 112
"e:\coding_workspaces\Kotlin\AndroidScreensaver\app\build.gradle.kts", "Kotlinscript", 0, 96, 0, 0, 0, 0, 0, 28, 31, 155
"e:\coding_workspaces\Kotlin\AndroidScreensaver\app\src\main\AndroidManifest.xml", "XML", 0, 0, 0, 0, 0, 147, 0, 26, 29, 202
"e:\coding_workspaces\Kotlin\AndroidScreensaver\app\src\main\java\com\vincentwetzel\androidscreensaver\ScreensaverApplication.kt", "Kotlin", 0, 0, 0, 0, 0, 0, 50, 10, 11, 71
"e:\coding_workspaces\Kotlin\AndroidScreensaver\app\src\main\java\com\vincentwetzel\androidscreensaver\data\model\FolderError.kt", "Kotlin", 0, 0, 0, 0, 0, 0, 46, 15, 9, 70
"e:\coding_workspaces\Kotlin\AndroidScreensaver\app\src\main\java\com\vincentwetzel\androidscreensaver\data\model\Models.kt", "Kotlin", 0, 0, 0, 0, 0, 0, 590, 221, 92, 903
"e:\coding_workspaces\Kotlin\AndroidScreensaver\app\src\main\java\com\vincentwetzel\androidscreensaver\data\repository\AbstractPhotoRepository.kt", "Kotlin", 0, 0, 0, 0, 0, 0, 33, 6, 7, 46
"e:\coding_workspaces\Kotlin\AndroidScreensaver\app\src\main\java\com\vincentwetzel\androidscreensaver\data\repository\BaseCloudPhotoRepository.kt", "Kotlin", 0, 0, 0, 0, 0, 0, 38, 11, 13, 62
"e:\coding_workspaces\Kotlin\AndroidScreensaver\app\src\main\java\com\vincentwetzel\androidscreensaver\data\repository\DropboxPhotoRepository.kt", "Kotlin", 0, 0, 0, 0, 0, 0, 388, 11, 57, 456
"e:\coding_workspaces\Kotlin\AndroidScreensaver\app\src\main\java\com\vincentwetzel\androidscreensaver\data\repository\DropboxRepository.kt", "Kotlin", 0, 0, 0, 0, 0, 0, 47, 35, 14, 96
"e:\coding_workspaces\Kotlin\AndroidScreensaver\app\src\main\java\com\vincentwetzel\androidscreensaver\data\repository\GalleryPhotoRepository.kt", "Kotlin", 0, 0, 0, 0, 0, 0, 433, 23, 65, 521
"e:\coding_workspaces\Kotlin\AndroidScreensaver\app\src\main\java\com\vincentwetzel\androidscreensaver\data\repository\GoogleDrivePhotoRepository.kt", "Kotlin", 0, 0, 0, 0, 0, 0, 340, 45, 54, 439
"e:\coding_workspaces\Kotlin\AndroidScreensaver\app\src\main\java\com\vincentwetzel\androidscreensaver\data\repository\GoogleDriveRepository.kt", "Kotlin", 0, 0, 0, 0, 0, 0, 52, 40, 14, 106
"e:\coding_workspaces\Kotlin\AndroidScreensaver\app\src\main\java\com\vincentwetzel\androidscreensaver\data\repository\PhotoRepository.kt", "Kotlin", 0, 0, 0, 0, 0, 0, 17, 38, 14, 69
"e:\coding_workspaces\Kotlin\AndroidScreensaver\app\src\main\java\com\vincentwetzel\androidscreensaver\data\repository\WeatherRepository.kt", "Kotlin", 0, 0, 0, 0, 0, 0, 92, 20, 13, 125
"e:\coding_workspaces\Kotlin\AndroidScreensaver\app\src\main\java\com\vincentwetzel\androidscreensaver\di\RepositoryModule.kt", "Kotlin", 0, 0, 0, 0, 0, 0, 78, 3, 10, 91
"e:\coding_workspaces\Kotlin\AndroidScreensaver\app\src\main\java\com\vincentwetzel\androidscreensaver\dream\PhotoScreensaverService.kt", "Kotlin", 0, 0, 0, 0, 0, 0, 197, 29, 41, 267
"e:\coding_workspaces\Kotlin\AndroidScreensaver\app\src\main\java\com\vincentwetzel\androidscreensaver\dream\SlideshowManager.kt", "Kotlin", 0, 0, 0, 0, 0, 0, 233, 57, 40, 330
"e:\coding_workspaces\Kotlin\AndroidScreensaver\app\src\main\java\com\vincentwetzel\androidscreensaver\dream\SourceType.kt", "Kotlin", 0, 0, 0, 0, 0, 0, 2, 0, 2, 4
"e:\coding_workspaces\Kotlin\AndroidScreensaver\app\src\main\java\com\vincentwetzel\androidscreensaver\receiver\AlarmReceiver.kt", "Kotlin", 0, 0, 0, 0, 0, 0, 22, 1, 4, 27
"e:\coding_workspaces\Kotlin\AndroidScreensaver\app\src\main\java\com\vincentwetzel\androidscreensaver\receiver\BootReceiver.kt", "Kotlin", 0, 0, 0, 0, 0, 0, 13, 0, 3, 16
"e:\coding_workspaces\Kotlin\AndroidScreensaver\app\src\main\java\com\vincentwetzel\androidscreensaver\service\ScheduleService.kt", "Kotlin", 0, 0, 0, 0, 0, 0, 94, 0, 17, 111
"e:\coding_workspaces\Kotlin\AndroidScreensaver\app\src\main\java\com\vincentwetzel\androidscreensaver\ui\ScreensaverPreviewActivity.kt", "Kotlin", 0, 0, 0, 0, 0, 0, 130, 25, 29, 184
"e:\coding_workspaces\Kotlin\AndroidScreensaver\app\src\main\java\com\vincentwetzel\androidscreensaver\ui\about\AboutActivity.kt", "Kotlin", 0, 0, 0, 0, 0, 0, 47, 11, 14, 72
"e:\coding_workspaces\Kotlin\AndroidScreensaver\app\src\main\java\com\vincentwetzel\androidscreensaver\ui\main\MainActivity.kt", "Kotlin", 0, 0, 0, 0, 0, 0, 613, 30, 86, 729
"e:\coding_workspaces\Kotlin\AndroidScreensaver\app\src\main\java\com\vincentwetzel\androidscreensaver\ui\main\SourceType.kt", "Kotlin", 0, 0, 0, 0, 0, 0, 20, 4, 4, 28
"e:\coding_workspaces\Kotlin\AndroidScreensaver\app\src\main\java\com\vincentwetzel\androidscreensaver\ui\settings\DebugSettingsActivity.kt", "Kotlin", 0, 0, 0, 0, 0, 0, 82, 10, 14, 106
"e:\coding_workspaces\Kotlin\AndroidScreensaver\app\src\main\java\com\vincentwetzel\androidscreensaver\ui\settings\DecorationSettingsActivity.kt", "Kotlin", 0, 0, 0, 0, 0, 0, 470, 41, 41, 552
"e:\coding_workspaces\Kotlin\AndroidScreensaver\app\src\main\java\com\vincentwetzel\androidscreensaver\ui\settings\PhotoInfoSettingsActivity.kt", "Kotlin", 0, 0, 0, 0, 0, 0, 309, 40, 53, 402
"e:\coding_workspaces\Kotlin\AndroidScreensaver\app\src\main\java\com\vincentwetzel\androidscreensaver\ui\settings\ScheduleSettingsActivity.kt", "Kotlin", 0, 0, 0, 0, 0, 0, 185, 11, 28, 224
"e:\coding_workspaces\Kotlin\AndroidScreensaver\app\src\main\java\com\vincentwetzel\androidscreensaver\ui\settings\ScreensaverSettingsActivity.kt", "Kotlin", 0, 0, 0, 0, 0, 0, 17, 5, 4, 26
"e:\coding_workspaces\Kotlin\AndroidScreensaver\app\src\main\java\com\vincentwetzel\androidscreensaver\ui\settings\SettingsActivity.kt", "Kotlin", 0, 0, 0, 0, 0, 0, 28, 6, 7, 41
"e:\coding_workspaces\Kotlin\AndroidScreensaver\app\src\main\java\com\vincentwetzel\androidscreensaver\ui\settings\SettingsFragment.kt", "Kotlin", 0, 0, 0, 0, 0, 0, 641, 106, 87, 834
"e:\coding_workspaces\Kotlin\AndroidScreensaver\app\src\main\java\com\vincentwetzel\androidscreensaver\ui\settings\VideoPlaybackSettingsActivity.kt", "Kotlin", 0, 0, 0, 0, 0, 0, 195, 23, 30, 248
"e:\coding_workspaces\Kotlin\AndroidScreensaver\app\src\main\java\com\vincentwetzel\androidscreensaver\ui\slideshow\NoSourcesView.kt", "Kotlin", 0, 0, 0, 0, 0, 0, 64, 4, 9, 77
"e:\coding_workspaces\Kotlin\AndroidScreensaver\app\src\main\java\com\vincentwetzel\androidscreensaver\ui\slideshow\SlideshowView.kt", "Kotlin", 0, 0, 0, 0, 0, 0, 1223, 175, 135, 1533
"e:\coding_workspaces\Kotlin\AndroidScreensaver\app\src\main\java\com\vincentwetzel\androidscreensaver\ui\sources\FolderAdapter.kt", "Kotlin", 0, 0, 0, 0, 0, 0, 123, 18, 26, 167
"e:\coding_workspaces\Kotlin\AndroidScreensaver\app\src\main\java\com\vincentwetzel\androidscreensaver\ui\sources\FolderBrowserActivity.kt", "Kotlin", 0, 0, 0, 0, 0, 0, 228, 9, 34, 271
"e:\coding_workspaces\Kotlin\AndroidScreensaver\app\src\main\java\com\vincentwetzel\androidscreensaver\ui\sources\GalleryFolderBrowserActivity.kt", "Kotlin", 0, 0, 0, 0, 0, 0, 243, 16, 33, 292
"e:\coding_workspaces\Kotlin\AndroidScreensaver\app\src\main\java\com\vincentwetzel\androidscreensaver\ui\sources\GoogleDriveAuthActivity.kt", "Kotlin", 0, 0, 0, 0, 0, 0, 122, 11, 21, 154
"e:\coding_workspaces\Kotlin\AndroidScreensaver\app\src\main\java\com\vincentwetzel\androidscreensaver\utils\BaseAccountManager.kt", "Kotlin", 0, 0, 0, 0, 0, 0, 21, 25, 10, 56
"e:\coding_workspaces\Kotlin\AndroidScreensaver\app\src\main\java\com\vincentwetzel\androidscreensaver\utils\DropboxAccountManager.kt", "Kotlin", 0, 0, 0, 0, 0, 0, 126, 44, 24, 194
"e:\coding_workspaces\Kotlin\AndroidScreensaver\app\src\main\java\com\vincentwetzel\androidscreensaver\utils\DropboxOAuthConfig.kt", "Kotlin", 0, 0, 0, 0, 0, 0, 4, 16, 3, 23
"e:\coding_workspaces\Kotlin\AndroidScreensaver\app\src\main\java\com\vincentwetzel\androidscreensaver\utils\GoogleAccountManager.kt", "Kotlin", 0, 0, 0, 0, 0, 0, 134, 52, 26, 212
"e:\coding_workspaces\Kotlin\AndroidScreensaver\app\src\main\java\com\vincentwetzel\androidscreensaver\utils\GoogleOAuthConfig.kt", "Kotlin", 0, 0, 0, 0, 0, 0, 12, 34, 8, 54
"e:\coding_workspaces\Kotlin\AndroidScreensaver\app\src\main\java\com\vincentwetzel\androidscreensaver\utils\SecureLinks.kt", "Kotlin", 0, 0, 0, 0, 0, 0, 24, 11, 4, 39
"e:\coding_workspaces\Kotlin\AndroidScreensaver\app\src\main\java\com\vincentwetzel\androidscreensaver\utils\SettingsManager.kt", "Kotlin", 0, 0, 0, 0, 0, 0, 348, 83, 63, 494
"e:\coding_workspaces\Kotlin\AndroidScreensaver\app\src\main\java\com\vincentwetzel\androidscreensaver\utils\VersionUtils.kt", "Kotlin", 0, 0, 0, 0, 0, 0, 26, 18, 5, 49
"e:\coding_workspaces\Kotlin\AndroidScreensaver\app\src\main\java\com\vincentwetzel\androidscreensaver\viewmodel\GalleryViewModel.kt", "Kotlin", 0, 0, 0, 0, 0, 0, 92, 35, 22, 149
"e:\coding_workspaces\Kotlin\AndroidScreensaver\app\src\main\java\com\vincentwetzel\androidscreensaver\viewmodel\GoogleDriveViewModel.kt", "Kotlin", 0, 0, 0, 0, 0, 0, 106, 39, 25, 170
"e:\coding_workspaces\Kotlin\AndroidScreensaver\app\src\main\java\com\vincentwetzel\androidscreensaver\viewmodel\MainViewModel.kt", "Kotlin", 0, 0, 0, 0, 0, 0, 114, 21, 18, 153
"e:\coding_workspaces\Kotlin\AndroidScreensaver\app\src\main\res\drawable\bg_status_indicator.xml", "XML", 0, 0, 0, 0, 0, 5, 0, 0, 1, 6
"e:\coding_workspaces\Kotlin\AndroidScreensaver\app\src\main\res\drawable\ic_back.xml", "XML", 0, 0, 0, 0, 0, 11, 0, 0, 1, 12
"e:\coding_workspaces\Kotlin\AndroidScreensaver\app\src\main\res\drawable\ic_bug.xml", "XML", 0, 0, 0, 0, 0, 10, 0, 0, 1, 11
"e:\coding_workspaces\Kotlin\AndroidScreensaver\app\src\main\res\drawable\ic_discord.xml", "XML", 0, 0, 0, 0, 0, 10, 0, 0, 1, 11
"e:\coding_workspaces\Kotlin\AndroidScreensaver\app\src\main\res\drawable\ic_folder.xml", "XML", 0, 0, 0, 0, 0, 10, 0, 0, 1, 11
"e:\coding_workspaces\Kotlin\AndroidScreensaver\app\src\main\res\drawable\ic_github.xml", "XML", 0, 0, 0, 0, 0, 10, 0, 0, 1, 11
"e:\coding_workspaces\Kotlin\AndroidScreensaver\app\src\main\res\drawable\ic_google.xml", "XML", 0, 0, 0, 0, 0, 18, 0, 0, 1, 19
"e:\coding_workspaces\Kotlin\AndroidScreensaver\app\src\main\res\drawable\ic_launcher_foreground.xml", "XML", 0, 0, 0, 0, 0, 172, 0, 0, 1, 173
"e:\coding_workspaces\Kotlin\AndroidScreensaver\app\src\main\res\drawable\ic_license.xml", "XML", 0, 0, 0, 0, 0, 10, 0, 0, 1, 11
"e:\coding_workspaces\Kotlin\AndroidScreensaver\app\src\main\res\drawable\ic_no_photos.xml", "XML", 0, 0, 0, 0, 0, 10, 0, 0, 1, 11
"e:\coding_workspaces\Kotlin\AndroidScreensaver\app\src\main\res\drawable\ic_open_in_new.xml", "XML", 0, 0, 0, 0, 0, 11, 0, 0, 1, 12
"e:\coding_workspaces\Kotlin\AndroidScreensaver\app\src\main\res\drawable\ic_preview.xml", "XML", 0, 0, 0, 0, 0, 10, 0, 0, 1, 11
"e:\coding_workspaces\Kotlin\AndroidScreensaver\app\src\main\res\drawable\ic_privacy.xml", "XML", 0, 0, 0, 0, 0, 10, 0, 0, 1, 11
"e:\coding_workspaces\Kotlin\AndroidScreensaver\app\src\main\res\drawable\ic_reset.xml", "XML", 0, 0, 0, 0, 0, 10, 0, 0, 1, 11
"e:\coding_workspaces\Kotlin\AndroidScreensaver\app\src\main\res\drawable\ic_search.xml", "XML", 0, 0, 0, 0, 0, 10, 0, 0, 1, 11
"e:\coding_workspaces\Kotlin\AndroidScreensaver\app\src\main\res\drawable\ic_settings.xml", "XML", 0, 0, 0, 0, 0, 10, 0, 0, 1, 11
"e:\coding_workspaces\Kotlin\AndroidScreensaver\app\src\main\res\drawable\ic_source_dropbox.xml", "XML", 0, 0, 0, 0, 0, 10, 0, 0, 1, 11
"e:\coding_workspaces\Kotlin\AndroidScreensaver\app\src\main\res\drawable\ic_source_gallery.xml", "XML", 0, 0, 0, 0, 0, 10, 0, 0, 1, 11
"e:\coding_workspaces\Kotlin\AndroidScreensaver\app\src\main\res\drawable\ic_source_google_drive.xml", "XML", 0, 0, 0, 0, 0, 10, 0, 0, 1, 11
"e:\coding_workspaces\Kotlin\AndroidScreensaver\app\src\main\res\drawable\ic_source_google_photos.xml", "XML", 0, 0, 0, 0, 0, 10, 0, 0, 1, 11
"e:\coding_workspaces\Kotlin\AndroidScreensaver\app\src\main\res\drawable\ic_source_network.xml", "XML", 0, 0, 0, 0, 0, 10, 0, 0, 1, 11
"e:\coding_workspaces\Kotlin\AndroidScreensaver\app\src\main\res\drawable\ic_source_onedrive.xml", "XML", 0, 0, 0, 0, 0, 10, 0, 0, 1, 11
"e:\coding_workspaces\Kotlin\AndroidScreensaver\app\src\main\res\layout\activity_about.xml", "XML", 0, 0, 0, 0, 0, 188, 0, 6, 39, 233
"e:\coding_workspaces\Kotlin\AndroidScreensaver\app\src\main\res\layout\activity_debug_settings.xml", "XML", 0, 0, 0, 0, 0, 124, 0, 6, 23, 153
"e:\coding_workspaces\Kotlin\AndroidScreensaver\app\src\main\res\layout\activity_decoration_settings.xml", "XML", 0, 0, 0, 0, 0, 49, 0, 4, 15, 68
"e:\coding_workspaces\Kotlin\AndroidScreensaver\app\src\main\res\layout\activity_folder_browser.xml", "XML", 0, 0, 0, 0, 0, 145, 0, 8, 27, 180
"e:\coding_workspaces\Kotlin\AndroidScreensaver\app\src\main\res\layout\activity_google_drive_auth.xml", "XML", 0, 0, 0, 0, 0, 51, 0, 0, 8, 59
"e:\coding_workspaces\Kotlin\AndroidScreensaver\app\src\main\res\layout\activity_main.xml", "XML", 0, 0, 0, 0, 0, 112, 0, 5, 23, 140
"e:\coding_workspaces\Kotlin\AndroidScreensaver\app\src\main\res\layout\activity_main_tv.xml", "XML", 0, 0, 0, 0, 0, 106, 0, 6, 14, 126
"e:\coding_workspaces\Kotlin\AndroidScreensaver\app\src\main\res\layout\activity_photo_info_settings.xml", "XML", 0, 0, 0, 0, 0, 237, 0, 5, 45, 287
"e:\coding_workspaces\Kotlin\AndroidScreensaver\app\src\main\res\layout\activity_schedule_settings.xml", "XML", 0, 0, 0, 0, 0, 138, 0, 9, 31, 178
"e:\coding_workspaces\Kotlin\AndroidScreensaver\app\src\main\res\layout\activity_video_playback_settings.xml", "XML", 0, 0, 0, 0, 0, 95, 0, 5, 20, 120
"e:\coding_workspaces\Kotlin\AndroidScreensaver\app\src\main\res\layout\dialog_color_picker.xml", "XML", 0, 0, 0, 0, 0, 61, 0, 2, 11, 74
"e:\coding_workspaces\Kotlin\AndroidScreensaver\app\src\main\res\layout\dialog_custom_cache_size.xml", "XML", 0, 0, 0, 0, 0, 31, 0, 0, 7, 38
"e:\coding_workspaces\Kotlin\AndroidScreensaver\app\src\main\res\layout\dialog_custom_timeout.xml", "XML", 0, 0, 0, 0, 0, 49, 0, 0, 11, 60
"e:\coding_workspaces\Kotlin\AndroidScreensaver\app\src\main\res\layout\include_decoration_clock_settings.xml", "XML", 0, 0, 0, 0, 0, 135, 0, 10, 23, 168
"e:\coding_workspaces\Kotlin\AndroidScreensaver\app\src\main\res\layout\include_decoration_date_settings.xml", "XML", 0, 0, 0, 0, 0, 129, 0, 9, 22, 160
"e:\coding_workspaces\Kotlin\AndroidScreensaver\app\src\main\res\layout\include_decoration_weather_settings.xml", "XML", 0, 0, 0, 0, 0, 160, 0, 12, 28, 200
"e:\coding_workspaces\Kotlin\AndroidScreensaver\app\src\main\res\layout\item_folder_checkbox.xml", "XML", 0, 0, 0, 0, 0, 49, 0, 0, 10, 59
"e:\coding_workspaces\Kotlin\AndroidScreensaver\app\src\main\res\menu\menu_folder_browser.xml", "XML", 0, 0, 0, 0, 0, 10, 0, 0, 3, 13
"e:\coding_workspaces\Kotlin\AndroidScreensaver\app\src\main\res\menu\menu_main.xml", "XML", 0, 0, 0, 0, 0, 14, 0, 0, 4, 18
"e:\coding_workspaces\Kotlin\AndroidScreensaver\app\src\main\res\values\arrays.xml", "XML", 0, 0, 0, 0, 0, 209, 0, 12, 12, 233
"e:\coding_workspaces\Kotlin\AndroidScreensaver\app\src\main\res\values\colors.xml", "XML", 0, 0, 0, 0, 0, 15, 0, 0, 1, 16
"e:\coding_workspaces\Kotlin\AndroidScreensaver\app\src\main\res\values\colors_tv.xml", "XML", 0, 0, 0, 0, 0, 8, 0, 1, 1, 10
"e:\coding_workspaces\Kotlin\AndroidScreensaver\app\src\main\res\values\strings.xml", "XML", 0, 0, 0, 0, 0, 64, 0, 13, 14, 91
"e:\coding_workspaces\Kotlin\AndroidScreensaver\app\src\main\res\values\themes.xml", "XML", 0, 0, 0, 0, 0, 28, 0, 8, 4, 40
"e:\coding_workspaces\Kotlin\AndroidScreensaver\app\src\main\res\values\themes_tv.xml", "XML", 0, 0, 0, 0, 0, 15, 0, 6, 1, 22
"e:\coding_workspaces\Kotlin\AndroidScreensaver\app\src\main\res\xml\backup_rules.xml", "XML", 0, 0, 0, 0, 0, 5, 0, 0, 1, 6
"e:\coding_workspaces\Kotlin\AndroidScreensaver\app\src\main\res\xml\data_extraction_rules.xml", "XML", 0, 0, 0, 0, 0, 7, 0, 0, 1, 8
"e:\coding_workspaces\Kotlin\AndroidScreensaver\app\src\main\res\xml\dream_settings.xml", "XML", 0, 0, 0, 0, 0, 2, 0, 0, 1, 3
"e:\coding_workspaces\Kotlin\AndroidScreensaver\app\src\main\res\xml\settings_main.xml", "XML", 0, 0, 0, 0, 0, 270, 0, 12, 62, 344
"e:\coding_workspaces\Kotlin\AndroidScreensaver\app\src\test\java\com\vincentwetzel\androidscreensaver\DataModelUnitTest.kt", "Kotlin", 0, 0, 0, 0, 0, 0, 121, 3, 22, 146
"e:\coding_workspaces\Kotlin\AndroidScreensaver\app\src\test\java\com\vincentwetzel\androidscreensaver\ViewModelUnitTest.kt", "Kotlin", 0, 0, 0, 0, 0, 0, 68, 4, 13, 85
"e:\coding_workspaces\Kotlin\AndroidScreensaver\build.gradle.kts", "Kotlinscript", 0, 5, 0, 0, 0, 0, 0, 1, 0, 6
"e:\coding_workspaces\Kotlin\AndroidScreensaver\gradle.properties", "Java Properties", 6, 0, 0, 0, 0, 0, 0, 21, 9, 36
"e:\coding_workspaces\Kotlin\AndroidScreensaver\gradle\wrapper\gradle-wrapper.properties", "Java Properties", 5, 0, 0, 0, 0, 0, 0, 0, 0, 5
"e:\coding_workspaces\Kotlin\AndroidScreensaver\gradlew.bat", "Batch", 0, 0, 0, 41, 0, 0, 0, 32, 22, 95
"e:\coding_workspaces\Kotlin\AndroidScreensaver\settings.gradle.kts", "Kotlinscript", 0, 19, 0, 0, 0, 0, 0, 0, 2, 21
"e:\coding_workspaces\Kotlin\AndroidScreensaver\test.py", "Python", 0, 0, 19, 0, 0, 0, 0, 2, 4, 25
"Total", "-", 11, 120, 19, 41, 677, 3040, 8701, 1744, 2184, 16537